[{"model": "api.v3_actiontype", "pk": 1, "fields": {"type": "app store"}}, {"model": "api.v3_actiontype", "pk": 2, "fields": {"type": "action link"}}, {"model": "api.v3_actiontype", "pk": 3, "fields": {"type": "clinical referral"}}, {"model": "api.v3_servicetype", "pk": 1, "fields": {"type": "Community event"}}, {"model": "api.v3_servicetype", "pk": 2, "fields": {"type": "Digital app"}}, {"model": "api.v3_servicetype", "pk": 3, "fields": {"type": "Weight-loss programme"}}, {"model": "api.v3_servicetype", "pk": 4, "fields": {"type": "Club"}}, {"model": "api.v3_servicetype", "pk": 5, "fields": {"type": "Online workouts"}}, {"model": "api.v3_servicetype", "pk": 6, "fields": {"type": "Gyms and leisure centres"}}, {"model": "api.v3_servicetype", "pk": 7, "fields": {"type": "Public facility"}}, {"model": "api.v3_servicetype", "pk": 8, "fields": {"type": "Social prescribing services"}}, {"model": "api.v3_servicetype", "pk": 9, "fields": {"type": "Healthy lifestyle activities"}}, {"model": "api.v3_helpswith", "pk": 1, "fields": {"benefit": "managing weight"}}, {"model": "api.v3_helpswith", "pk": 2, "fields": {"benefit": "getting motivated"}}, {"model": "api.v3_helpswith", "pk": 3, "fields": {"benefit": "moving more and getting active"}}, {"model": "api.v3_helpswith", "pk": 4, "fields": {"benefit": "getting support from others"}}, {"model": "api.v3_helpswith", "pk": 5, "fields": {"benefit": "mental health, stress and anxiety"}}, {"model": "api.v3_whofor", "pk": 1, "fields": {"target": "Anyone aged 5 or over"}}, {"model": "api.v3_whofor", "pk": 2, "fields": {"target": "Anyone"}}, {"model": "api.v3_whofor", "pk": 3, "fields": {"target": "People aged 18 or over"}}, {"model": "api.v3_whofor", "pk": 4, "fields": {"target": "People with a BMI over 30 (or  27.5 for people from black, Asian, and ethnic minority backgrounds)"}}, {"model": "api.v3_whofor", "pk": 5, "fields": {"target": "People who have have diabetes, high blood pressure, or both"}}, {"model": "api.v3_whofor", "pk": 6, "fields": {"target": "Men age 18 or over with a BMI of 27.50 or over"}}, {"model": "api.v3_whofor", "pk": 7, "fields": {"target": "Anyone living or working in Tower Hamlets"}}, {"model": "api.v3_whofor", "pk": 8, "fields": {"target": "Is overweight or obese"}}, {"model": "api.v3_whofor", "pk": 9, "fields": {"target": "Living with a physical disability"}}, {"model": "api.v3_whofor", "pk": 10, "fields": {"target": "Anyone who lives, works or studies in Tower Hamlets"}}, {"model": "api.v3_whonotfor", "pk": 1, "fields": {"target": "People who are pregnant"}}, {"model": "api.v3_whonotfor", "pk": 2, "fields": {"target": "Anyone with a BMI lower than 18.5"}}, {"model": "api.v3_mitigations", "pk": 1, "fields": {"type": "none"}}, {"model": "api.v3_mitigations", "pk": 2, "fields": {"type": "primary care"}}, {"model": "api.v3_timerequired", "pk": 1, "fields": {"required": "Every Saturday morning"}}, {"model": "api.v3_timerequired", "pk": 2, "fields": {"required": "30 minutes"}}, {"model": "api.v3_timerequired", "pk": 3, "fields": {"required": "3 times a week"}}, {"model": "api.v3_timerequired", "pk": 4, "fields": {"required": "9 weeks total"}}, {"model": "api.v3_timerequired", "pk": 5, "fields": {"required": "10 minutes a day"}}, {"model": "api.v3_timerequired", "pk": 6, "fields": {"required": "12 weeks total"}}, {"model": "api.v3_timerequired", "pk": 7, "fields": {"required": "30 minutes or less"}}, {"model": "api.v3_timerequired", "pk": 8, "fields": {"required": "4 to 5 times a week (or whatever fits in with your lifestyle)"}}, {"model": "api.v3_timerequired", "pk": 9, "fields": {"required": "3 months"}}, {"model": "api.v3_timerequired", "pk": 10, "fields": {"required": "Once a week"}}, {"model": "api.v3_timerequired", "pk": 11, "fields": {"required": "Sessions from 5 minutes to 30 minutes"}}, {"model": "api.v3_timerequired", "pk": 12, "fields": {"required": "Sessions from 10 minutes to 1 hour"}}, {"model": "api.v3_access", "pk": 1, "fields": {"type": "Online"}}, {"model": "api.v3_access", "pk": 2, "fields": {"type": "Local gyms"}}, {"model": "api.v3_access", "pk": 3, "fields": {"type": "On demand app"}}, {"model": "api.v3_access", "pk": 4, "fields": {"type": "Local in-person events"}}, {"model": "api.v3_access", "pk": 5, "fields": {"type": "Using the app with access to an online community"}}, {"model": "api.v3_access", "pk": 6, "fields": {"type": "Local in-person group workshops with a coach"}}, {"model": "api.v3_access", "pk": 7, "fields": {"type": "Online Zoom group workshops with coaching"}}, {"model": "api.v3_access", "pk": 8, "fields": {"type": "GP referral"}}, {"model": "api.v3_access", "pk": 9, "fields": {"type": "Using the app to access a weight loss plan"}}, {"model": "api.v3_access", "pk": 10, "fields": {"type": "Using the app to scan food"}}, {"model": "api.v3_access", "pk": 11, "fields": {"type": "Local, in-person group"}}, {"model": "api.v3_access", "pk": 13, "fields": {"type": "Live workouts online"}}, {"model": "api.v3_access", "pk": 14, "fields": {"type": "Website with access to an online community"}}, {"model": "api.v3_access", "pk": 15, "fields": {"type": "1-2-1 daily coaching is available"}}, {"model": "api.v3_access", "pk": 16, "fields": {"type": "Online workouts with access to a Facebook group for registered members"}}, {"model": "api.v3_access", "pk": 17, "fields": {"type": "276 local leisure centres"}}, {"model": "api.v3_access", "pk": 18, "fields": {"type": "Take part remotely using Zoom"}}, {"model": "api.v3_access", "pk": 19, "fields": {"type": "You can choose your sessions to be provided face to face or online (or both)."}}, {"model": "api.v3_costs", "pk": 1, "fields": {"name": "Free"}}, {"model": "api.v3_costs", "pk": 2, "fields": {"name": "30-day free trial"}}, {"model": "api.v3_costs", "pk": 3, "fields": {"name": "\"Core\" plan from £6.50 a month"}}, {"model": "api.v3_costs", "pk": 4, "fields": {"name": "\"Core\" plan with group workshops from £9.55 a month"}}, {"model": "api.v3_costs", "pk": 5, "fields": {"name": "Monthly  plan: £13.49 a month"}}, {"model": "api.v3_costs", "pk": 6, "fields": {"name": "Yearly plan: 7-day free trial then £80.99 a year (or £6.75 a month)"}}, {"model": "api.v3_costs", "pk": 7, "fields": {"name": "Buddy plan: £107.99 for 2 yearly subscriptions"}}, {"model": "api.v3_costs", "pk": 8, "fields": {"name": "Digital membership from £55 for 3 months"}}, {"model": "api.v3_costs", "pk": 9, "fields": {"name": "Group membership from £59.50 for 12 weeks"}}, {"model": "api.v3_costs", "pk": 10, "fields": {"name": "£1 a week for 3 months"}}, {"model": "api.v3_costs", "pk": 11, "fields": {"name": "Standard plan £13 a month"}}, {"model": "api.v3_costs", "pk": 12, "fields": {"name": "1-2-1 coached plan £26 a month"}}, {"model": "api.v3_costs", "pk": 13, "fields": {"name": "First month half price"}}, {"model": "api.v3_costs", "pk": 14, "fields": {"name": "From £35 a month"}}, {"model": "api.v3_costs", "pk": 16, "fields": {"name": "£10 a month"}}, {"model": "api.v3_costs", "pk": 17, "fields": {"name": "From £10 a month"}}, {"model": "api.v3_costs", "pk": 18, "fields": {"name": "Free access to 10 beginner level programmes"}}, {"model": "api.v3_costs", "pk": 19, "fields": {"name": "50% off subscriptions forever"}}, {"model": "api.v3_costs", "pk": 20, "fields": {"name": "From £4.99 a month"}}, {"model": "api.v3_costs", "pk": 21, "fields": {"name": "3-day free trial"}}, {"model": "api.v3_costs", "pk": 22, "fields": {"name": "Free 1-day guest pass"}}, {"model": "api.v3_costs", "pk": 23, "fields": {"name": "Online access for £9.99 a month "}}, {"model": "api.v3_costs", "pk": 24, "fields": {"name": "Gym access with referral £15 a month "}}, {"model": "api.v3_costs", "pk": 25, "fields": {"name": "Standard membership from £25 a month "}}, {"model": "api.v3_taxonomy", "pk": 1, "fields": {"term": "cost.free"}}, {"model": "api.v3_taxonomy", "pk": 2, "fields": {"term": "taught.self_led"}}, {"model": "api.v3_taxonomy", "pk": 3, "fields": {"term": "who_with.in_a_group"}}, {"model": "api.v3_taxonomy", "pk": 4, "fields": {"term": "location.venue_or_a_place"}}, {"model": "api.v3_taxonomy", "pk": 5, "fields": {"term": "timetable.scheduled"}}, {"model": "api.v3_taxonomy", "pk": 6, "fields": {"term": "channel.in_real_life"}}, {"model": "api.v3_taxonomy", "pk": 8, "fields": {"term": "who_with.alone"}}, {"model": "api.v3_taxonomy", "pk": 9, "fields": {"term": "location.wherever_works_for_you"}}, {"model": "api.v3_taxonomy", "pk": 10, "fields": {"term": "timetable.self_paced_plan"}}, {"model": "api.v3_taxonomy", "pk": 11, "fields": {"term": "cost.initial_discount"}}, {"model": "api.v3_taxonomy", "pk": 12, "fields": {"term": "cost.paid_for"}}, {"model": "api.v3_taxonomy", "pk": 13, "fields": {"term": "taught.taught_by_a_person"}}, {"model": "api.v3_taxonomy", "pk": 15, "fields": {"term": "channel.digital"}}, {"model": "api.v3_taxonomy", "pk": 18, "fields": {"term": "cost.permanent_discount"}}, {"model": "api.v3_taxonomy", "pk": 19, "fields": {"term": "goals.exercise"}}, {"model": "api.v3_taxonomy", "pk": 20, "fields": {"term": "goals.healthy_eating"}}, {"model": "api.v3_taxonomy", "pk": 21, "fields": {"term": "service_area.digital"}}, {"model": "api.v3_taxonomy", "pk": 22, "fields": {"term": "service_area.national"}}, {"model": "api.v3_taxonomy", "pk": 23, "fields": {"term": "service_area.local"}}, {"model": "api.v3_category", "pk": 1, "fields": {"goal": "exercise"}}, {"model": "api.v3_category", "pk": 2, "fields": {"goal": "healthy_eating"}}, {"model": "api.v3_contact", "pk": 6, "fields": {"name": "Healthy lifestyle activities", "phone": "020 7790 3632", "email": "f.nifa@stifford.org.uk"}}, {"model": "api.v3_location", "pk": 2, "fields": {"address_1": "Bartlett Park", "address_2": "Upper North Street", "town": "", "postcode": "E14", "lat": 51.515229392197014, "lon": -0.02015589283098394, "opening_hours": "Open 24 hours. Parks may not be lit when it is dark.", "contact": null}}, {"model": "api.v3_location", "pk": 3, "fields": {"address_1": "Brickfield Gardens", "address_2": "Mile End Park", "town": "Copenhagen Place", "postcode": "E14", "lat": 51.51498271239143, "lon": -0.030745317943335144, "opening_hours": "Open 24 hours. Parks may not be lit when it is dark.", "contact": null}}, {"model": "api.v3_location", "pk": 4, "fields": {"address_1": "Gosling Gardens", "address_2": "Bigland Street", "town": "", "postcode": "E1", "lat": 51.513140596328505, "lon": -0.05825398849560047, "opening_hours": "Open 24 hours. Parks may not be lit when it is dark.", "contact": null}}, {"model": "api.v3_location", "pk": 5, "fields": {"address_1": "Meath Gardens", "address_2": "Smart Street", "town": "", "postcode": "E2", "lat": 51.52882355496176, "lon": -0.04383580312507691, "opening_hours": "Open 24 hours. Parks may not be lit when it is dark.", "contact": null}}, {"model": "api.v3_location", "pk": 6, "fields": {"address_1": "Mile End Active Zone", "address_2": "Mile End Park (Wennington Green)", "town": "Grove Road", "postcode": "E3", "lat": 51.53132249859292, "lon": -0.04198834647371387, "opening_hours": "Open 24 hours. Parks may not be lit when it is dark.", "contact": null}}, {"model": "api.v3_location", "pk": 7, "fields": {"address_1": "Millwall Park", "address_2": "Manchester Road", "town": "", "postcode": "E14", "lat": 51.4890328339754, "lon": -0.011385265600648549, "opening_hours": "Open 24 hours. Parks may not be lit when it is dark.", "contact": null}}, {"model": "api.v3_location", "pk": 8, "fields": {"address_1": "Ropewalk Gardens", "address_2": "Golding Street", "town": "", "postcode": "E1", "lat": 51.51297810384546, "lon": -0.06380573440084483, "opening_hours": "Open 24 hours. Parks may not be lit when it is dark.", "contact": null}}, {"model": "api.v3_location", "pk": 9, "fields": {"address_1": "Shandy Park", "address_2": "Bale Road", "town": "", "postcode": "E1", "lat": 51.52058087511693, "lon": -0.03926443462197377, "opening_hours": "Open 24 hours. Parks may not be lit when it is dark.", "contact": null}}, {"model": "api.v3_location", "pk": 10, "fields": {"address_1": "Sir John McDougall Gardens", "address_2": "Westferry Road", "town": "", "postcode": "E14", "lat": 51.49780368996065, "lon": -0.026225308403077765, "opening_hours": "Open 24 hours. Parks may not be lit when it is dark.", "contact": null}}, {"model": "api.v3_location", "pk": 11, "fields": {"address_1": "Rounton Road Open Space", "address_2": "Rounton Road", "town": "", "postcode": "E3", "lat": 51.52378861948052, "lon": -0.019782906743764123, "opening_hours": "Open 24 hours. Parks may not be lit when it is dark.", "contact": null}}, {"model": "api.v3_location", "pk": 12, "fields": {"address_1": "Pollard Square", "address_2": "Pollard Row", "town": "", "postcode": "E2", "lat": 51.527393377339756, "lon": -0.0643748042925938, "opening_hours": "Open 24 hours. Parks may not be lit when it is dark.", "contact": null}}, {"model": "api.v3_location", "pk": 13, "fields": {"address_1": "Jolly's Green", "address_2": "Joshua Street", "town": "Poplar", "postcode": "E14", "lat": 51.514899974073224, "lon": -0.008957190197509853, "opening_hours": "Open 24 hours. Parks may not be lit when it is dark.", "contact": null}}, {"model": "api.v3_location", "pk": 14, "fields": {"address_1": "Leven Road Open Space", "address_2": "", "town": "", "postcode": "E14", "lat": 51.51513876071725, "lon": -0.004787669787152421, "opening_hours": "Open 24 hours. Parks may not be lit when it is dark.", "contact": null}}, {"model": "api.v3_location", "pk": 15, "fields": {"address_1": "Shadwell Basin", "address_2": "Glamis Road", "town": "", "postcode": "E1", "lat": 51.50910266679205, "lon": -0.05200515122244945, "opening_hours": "Open 24 hours. Parks may not be lit when it is dark.", "contact": null}}, {"model": "api.v3_location", "pk": 16, "fields": {"address_1": "Stepney Green Park", "address_2": "Stepney Way", "town": "", "postcode": "E1", "lat": 51.517236385929785, "lon": -0.04621143787079813, "opening_hours": "Open 24 hours. Parks may not be lit when it is dark.", "contact": null}}, {"model": "api.v3_location", "pk": 17, "fields": {"address_1": "Victoria Park", "address_2": "Grove Road", "town": "", "postcode": "E3", "lat": 51.54028466701695, "lon": -0.03299969760879949, "opening_hours": "7am until dusk", "contact": null}}, {"model": "api.v3_location", "pk": 18, "fields": {"address_1": "Wapping Gardens", "address_2": "Tench Street", "town": "", "postcode": "E1", "lat": 51.504537957440526, "lon": -0.0609775086380791, "opening_hours": "Open 24 hours. Parks may not be lit when it is dark.", "contact": null}}, {"model": "api.v3_location", "pk": 19, "fields": {"address_1": "Weavers Fields", "address_2": "Viaduct Street", "town": "", "postcode": "E2", "lat": 51.525534700502746, "lon": -0.06125163658661317, "opening_hours": "Open 24 hours. Parks may not be lit when it is dark.", "contact": null}}, {"model": "api.v3_service", "pk": 1, "fields": {"name": "Parkrun", "description": "A free, weekly, timed 5k run (or walk) that happens in parks and open spaces around the country.", "what_it_is": "<p>Parkruns are free, local 5k runs that anyone can enter.</p>", "how_it_works": "<p>Parkruns usually happen at the same time and place, once a week. If you want your time to be recorded you&#39;ll need to register on the Parkrun website to get a personal ID. A volunteer will record your finishing time at the end.</p>\n", "what_it_could_do": "<p>Doing parkruns regularly could help you improve your physical and mental health, and help you connect with your local community too.</p>\n", "cost_text": "Free", "action_text": "Register Now", "action_url": "https://www.parkrun.org.uk/register/", "action_url_playstore": null, "action_url_appstore": null, "action_url_moreinfo": "https://www.parkrun.org.uk/", "logo_image": "parkrun-logo.png", "promo": null, "opening_hours": null, "action": 2, "service_type": 1, "sort_order": 2.0}}, {"model": "api.v3_service", "pk": 2, "fields": {"name": "NHS Couch to 5k", "description": "The NHS Couch to 5k app guides you from the couch to running 5km in just 9 weeks.", "what_it_is": "<p>Couch to 5k is a simple, free running plan for absolute beginners.</p>", "how_it_works": "<p>A trainer will guide you as you start with a mix of running and walking.</p>\n\n<p>In the first week, you&#39;ll start with 1 minute runs, followed by a 1 minute 30 second walk, going at a pace that feels right for you. Each week, you&#39;ll run a little more.</p>\n", "what_it_could_do": "<p>By the end, you&#39;ll be running 5k with confidence, no matter your starting fitness level or when you last exercised.</p>\n", "cost_text": "Free", "action_text": null, "action_url": null, "action_url_playstore": "https://play.google.com/store/apps/details?id=com.phe.couchto5K", "action_url_appstore": "https://itunes.apple.com/gb/app/one-you-couch-to-5k/id1082307672?mt=8", "action_url_moreinfo": "https://play.google.com/store/apps/details?id=com.phe.couchto5K", "logo_image": "couch-to-5k-logo.png", "promo": "couch-to-5k-promo.png", "opening_hours": null, "action": 1, "service_type": 2, "sort_order": 1.0}}, {"model": "api.v3_service", "pk": 3, "fields": {"name": "Weight Watchers", "description": "A personalised plan with live and on-demand coaching to help you lose weight and stay healthy.", "what_it_is": "<p>The Weight Watchers app provides a personalised nutrition plan, activity trackers and over 4,500 recipe ideas.</p>", "how_it_works": "<p>Choose between a core membership or a membership with workshops. Both memberships include a 30-day free trial and a customised nutrition plan, activity trackers and recipes.</p>\n", "what_it_could_do": "<p>If you&#39;re overweight, making small changes to what you are eating can drinking can help you lose weight. And it could help reduce the risk of developing health conditions like high blood pressure, heart disease and type 2 diabetes.</p>\n", "cost_text": "Free trial then from £6.50 a month", "action_text": "Start a 30-day free trial here", "action_url": "Start a 30-day free trial here", "action_url_playstore": null, "action_url_appstore": null, "action_url_moreinfo": "https://www.weightwatchers.com/uk/", "logo_image": "weight-watchers-logo.png", "promo": null, "opening_hours": null, "action": 2, "service_type": 3, "sort_order": 2.0}}, {"model": "api.v3_service", "pk": 4, "fields": {"name": "NHS Active 10", "description": "The free NHS Active 10 app anonymously records every minute of walking you do.", "what_it_is": "<p>Active 10 is a free app that helps you fit short, brisk walks in to your day. Active 10 means 10 brisk minutes.</p>", "how_it_works": "<p>Track all your walking and how many brisk minutes you&#39;ve walked in the Active 10 app. The app&#39;s Pace Checker will help you learn what brisk walking feels like.</p>\n\n<p>You can set goals to keep you motivated and you&#39;ll earn rewards for every brisk minute you walk throughout the day.</p>\n", "what_it_could_do": "<p>Just 10 minutes of brisk walking every day can get your heart pumping and can make you feel more energetic, as well as lowering your risk of serious illnesses like heart disease and type 2 diabetes.</p>\n\n<p>Going for a brisk walk is a great way to clear your head and improve your mood. And it&#39;s easy to fit into your day, from taking the dog out to going for a lunchtime walk.</p>\n", "cost_text": "Free", "action_text": null, "action_url": null, "action_url_playstore": "https://play.google.com/store/apps/details?id=uk.ac.shef.oak.pheactiveten", "action_url_appstore": "https://itunes.apple.com/gb/app/one-you-active-10-walking-tracker/id1204295312?mt=8", "action_url_moreinfo": "https://www.nhs.uk/better-health/get-active/", "logo_image": "active-10-logo.png", "promo": "active-10-promo.png", "opening_hours": null, "action": 1, "service_type": 2, "sort_order": 1.0}}, {"model": "api.v3_service", "pk": 5, "fields": {"name": "NHS Digital Weight Management Programme", "description": "A 12-week online behavioural and lifestyle programme.", "what_it_is": "<p>The NHS Digital Weight Management Programme supports adults living with obesity who also have a diagnosis of diabetes or hypertension to manage their weight and improve their health.</p>", "how_it_works": "<p>You need to speak to your GP or a local pharmacist who can refer you to the programme.</p>\n\n<p>You choose a weight management plan to help you develop healthier eating habits, be more active and lose weight. Each plan provides recipes and nutrition advice, wellbeing support and tips to boost your activity levels. As an online plan, you can do it anywhere in your own time.</p>\n", "what_it_could_do": "<p>This programme supports you to start building healthy habits so you can eat, sleep and feel better.</p>\n", "cost_text": "Free", "action_text": null, "action_url": null, "action_url_playstore": null, "action_url_appstore": null, "action_url_moreinfo": "https://www.england.nhs.uk/digital-weight-management/", "logo_image": "nhs-dwm-logo.png", "promo": null, "opening_hours": null, "action": 3, "service_type": 3, "sort_order": 2.1}}, {"model": "api.v3_service", "pk": 6, "fields": {"name": "NHS Weight Loss Plan", "description": "An app to help you start eating more healthily, being more active, and losing weight.", "what_it_is": "<p>The NHS Weight Loss Plan gives you a 12-week plan that helps you:</p>\r\n\r\n<ul>\r\n\t<li>set weight loss goals</li>\r\n\t<li>plan your meals</li>\r\n\t<li>make healthier food choices</li>\r\n\t<li>get more active and burn more calories</li>\r\n\t<li>record your activity and progress</li>\r\n</ul>", "how_it_works": "<p>Follow weekly NHS guides to help you maintain a balanced diet, and use the daily diary to monitor what you&rsquo;re eating and keep to a recommended calorie target.</p>\n\n<p>The app will help you work out what a healthy weight is for you by using an in-app BMI calculator and help you set a healthy calorie target that&rsquo;s right for you.</p>\n\n<p>Each weekly guide has actions, hints and tips for reaching your goal. To keep track of your progress you can log the food and calories you eat at each meal in the dairy, and you can record your weight each week to monitor your weight-loss.</p>\n", "what_it_could_do": "<p>If you&#39;re overweight, making small changes to what you are eating can drinking can help you lose weight. And it could help reduce the risk of developing health conditions like high blood pressure, heart disease and type 2 diabetes.</p>\n", "cost_text": "Free", "action_text": null, "action_url": null, "action_url_playstore": "https://play.google.com/store/apps/details?id=com.nhs.weightloss", "action_url_appstore": "https://apps.apple.com/gb/app/id1519208548", "action_url_moreinfo": "https://www.nhs.uk/better-health/lose-weight/", "logo_image": "weight-loss-app-logo.png", "promo": "nhs-weightloss-app-promo.png", "opening_hours": null, "action": 1, "service_type": 2, "sort_order": 1.0}}, {"model": "api.v3_service", "pk": 7, "fields": {"name": "NHS Food Scanner", "description": "A food scanning app to help you find healthier swaps for the next time you shop.", "what_it_is": "<p>The NHS Food Scanner lets you scan the barcode on a product&#39;s packaging using your phone&#39;s camera. The app will then tell you if there are any healthier options available.</p>", "how_it_works": "<p>The app will show you things like:</p>\n\n<ul>\n\t<li>whether a product is a &#39;good choice&#39;</li>\n\t<li>traffic light ratings so know if a product is high, medium or low in sugar, salt and fat</li>\n\t<li>the full list of every product you&#39;ve ever scanned</li>\n</ul>\n", "what_it_could_do": "<p>Making better food and drink choices could help you and your family stay healthy.</p>\n", "cost_text": "Free", "action_text": null, "action_url": null, "action_url_playstore": "https://play.google.com/store/apps/details?id=com.phe.c4lfoodsmart&hl=en_GB", "action_url_appstore": "https://apps.apple.com/gb/app/change4life-food-scanner/id1182946415", "action_url_moreinfo": "https://www.nhs.uk/healthier-families/food-facts/nhs-food-scanner-app/", "logo_image": "food-scanner-logo.png", "promo": "nhs-food-scanner-app-promo.png", "opening_hours": null, "action": 1, "service_type": 2, "sort_order": 1.0}}, {"model": "api.v3_service", "pk": 8, "fields": {"name": "Fit Fans", "description": "A health programme that provides free, weekly sessions at your local football club.", "what_it_is": "<p>Football clubs across the country offer a free health programme for people who want to lose weight, get fitter and lead a healthier, more active life.</p>", "how_it_works": "<ul>\n\t<li>Go to weekly sessions at your local football club.</li>\n\t<li>Meet other football fans on the same journey as you.</li>\n\t<li>Learn how to make better choices to improve your lifestyle and health.</li>\n\t<li>Be supported through your journey by club staff.</li>\n</ul>\n\n<p>&nbsp;</p>\n", "what_it_could_do": "<p>Making long-term improvements in weight loss, physical activity, diet and general wellbeing can help you stay healthy for longer.</p>\n", "cost_text": "Free", "action_text": "Find out more", "action_url": "https://eflinthecommunity.com/fitfans/", "action_url_playstore": null, "action_url_appstore": null, "action_url_moreinfo": null, "logo_image": "efl-community-logo.png", "promo": null, "opening_hours": null, "action": 2, "service_type": 4, "sort_order": 2.0}}, {"model": "api.v3_service", "pk": 9, "fields": {"name": "The Body Coach", "description": "An app to help you improve your fitness with quick workouts for all abilities and simple, tasty recipes.", "what_it_is": "<p>The Body Coach app provides:</p>\r\n\r\n<ul>\r\n\t<li>a structured workout programme for your ability</li>\r\n\t<li>recipes tailored to your body and goals</li>\r\n\t<li>live workouts with Joe and Body Coach trainers</li>\r\n\t<li>access to the Body Coach community</li>\r\n</ul>", "how_it_works": "<p>When you sign up, you&#39;ll answer a few quick questions so you can get a plan that&#39;s tailored to you.</p>\n\n<p>Based on your current fitness level, you&#39;ll get a structured workout plan and a set of recipes with portions tailored specifically to you and your goals.</p>\n\n<p>Every month, you&#39;ll get access to new workouts to help build on your fitness and strength, along with a set of new recipes so you keep making progress.</p>\n", "what_it_could_do": "<p>The programme is designed to help you improve your fitness, but it can also have a big impact on your energy, happiness and overall health.</p>\n", "cost_text": "Free trial then discounts. From £6.75 a month.", "action_text": "10% offer", "action_url": "Free trial then discounts. From £6.75 a month.", "action_url_playstore": null, "action_url_appstore": null, "action_url_moreinfo": "https://www.thebodycoach.com/", "logo_image": "the-body-coach-logo.png", "promo": null, "opening_hours": null, "action": 2, "service_type": 2, "sort_order": 2.0}}, {"model": "api.v3_service", "pk": 10, "fields": {"name": "Slimming World", "description": "A weight-loss programme providing mindset-shifting, habit-changing support that will get you to your weight-loss target and help you stay there.", "what_it_is": "<p>You can choose a group or online membership to help you reach your weight-loss target. Both memberships offer:</p>\r\n\r\n<ul>\r\n\t<li>more than 2,000 exclusive Slimming World recipes</li>\r\n\t<li>meal plans, weight-loss tools, strategies, and articles</li>\r\n\t<li>on-demand exercise videos tailored to your activity level</li>\r\n\t<li>a barcode scanner to help you make good food choices</li>\r\n</ul>", "how_it_works": "<p>The group membership is for people who would like the accountability, friendship and in-person support and community of other slimmers. Your local Slimming World consultant and friends in group will be there to cheer you on every step of the way on your weight loss journey.&nbsp;&nbsp;</p>\r\n\r\n<p>The digital&nbsp;service, Slimming World Online, is good if you need a little more flexibility. There&#39;s a community of online members for support and encouragement (when you want it), and unlimited access to digital live events for extra motivation.&nbsp;</p>", "what_it_could_do": "<p>The programme can help you reach the weight you want to be &ndash; you choose your own target. By following a tailored plan, you can build healthy habits that last.</p>", "cost_text": "From £55 for 3 months.", "action_text": "Discounted membership", "action_url": "https://www.slimmingworld.co.uk/betterhealth", "action_url_playstore": "", "action_url_appstore": "", "action_url_moreinfo": "https://www.slimmingworld.co.uk/", "logo_image": "slimming-world-logo.png", "promo": "", "opening_hours": "", "action": 2, "service_type": 3, "sort_order": 2.0}}, {"model": "api.v3_service", "pk": 12, "fields": {"name": "MAN V FAT Football", "description": "A weight-loss programme for football-loving men.", "what_it_is": "<p>MAN V FAT Football helps men across the country lose weight and improve their health through:</p>\r\n\r\n<ul>\r\n\t<li>playing football</li>\r\n\t<li>getting team support</li>\r\n\t<li>an app with useful articles and recipes</li>\r\n\t<li>mental health support</li>\r\n\t<li>over 200 online gym classes</li>\r\n</ul>", "how_it_works": "<p>After you sign up to your local club, you&#39;ll get access to the online app and online gym classes straightaway.</p>\n\n<p>Next, you&rsquo;ll get a text from your coach before you&rsquo;re assigned to a team. Then you can start your first club session.</p>\n", "what_it_could_do": "<p>Playing football and spending time with a supportive team can help you lose weight, make friends, get fitter and improve your health.</p>\n", "cost_text": "First month half price then £35 a month.", "action_text": "Register now for first month half price", "action_url": "https://manvfat.com/better-health/", "action_url_playstore": null, "action_url_appstore": null, "action_url_moreinfo": "https://manvfat.com/better-health/", "logo_image": "man-v-fat-logo.png", "promo": null, "opening_hours": null, "action": 2, "service_type": 4, "sort_order": 2.0}}, {"model": "api.v3_service", "pk": 14, "fields": {"name": "Couch to Fitness", "description": "Online workout plans to suit your fitness level.", "what_it_is": "<p>Couch to Fitness provides a free online workout plan that you can do at home, in your own time.</p>", "how_it_works": "<p>Expert instructors guide you through 30-minute sessions 3 times a week. The sessions are suitable for different fitness levels and you don&#39;t need any equipment.</p>\n", "what_it_could_do": "<p>Doing these workouts regulary can help you get fitter and healthier at a pace that suits you.</p>\n", "cost_text": "Free", "action_text": "Start now", "action_url": "https://couchtofitness.com/", "action_url_playstore": null, "action_url_appstore": null, "action_url_moreinfo": null, "logo_image": "couch-to-fitness-logo.png", "promo": null, "opening_hours": null, "action": 2, "service_type": 5, "sort_order": 2.0}}, {"model": "api.v3_service", "pk": 15, "fields": {"name": "Better Leisure centres", "description": "Fitness centres around the country providing access to exercise classes and fitness facilities.", "what_it_is": "<p>Better Leisure Centres offer a range of activities to help you move more, including:</p>\r\n\r\n<ul>\r\n\t<li>swimming</li>\r\n\t<li>the gym</li>\r\n\t<li>exercise classes</li>\r\n</ul>", "how_it_works": "<p>Find your local Better Leisure centre and choose the activities or memberships that work for you.</p>\n\n<p>Some centres provide creche facilities for under 5s so you can do an activity while your children are being looked after.</p>\n", "what_it_could_do": "<p>However you choose to be active, doing exercise regularly can help you get fit and stay healthy.</p>\n", "cost_text": "From £10 a month.", "action_text": "Find out more", "action_url": "https://www.better.org.uk/healthy-communities/better-health-for-me?utm_source=phe&utm_medium=affiliate&utm_campaign=betterhealth", "action_url_playstore": null, "action_url_appstore": null, "action_url_moreinfo": "https://www.better.org.uk/", "logo_image": "better-logo.png", "promo": null, "opening_hours": null, "action": 2, "service_type": 6, "sort_order": 2.0}}, {"model": "api.v3_service", "pk": 16, "fields": {"name": "Instructor Live", "description": "A fitness platform with classes designed for beginners.", "what_it_is": "<p>The Instructor Live beginners package includes classes like:</p>\r\n\r\n<ul>\r\n\t<li>high intensity interval training (HIIT) for beginners</li>\r\n\t<li>introduction to pilates</li>\r\n\t<li>dance HIIT for beginners</li>\r\n\t<li>beginners aerobics</li>\r\n\t<li>daily meditation practice</li>\r\n\t<li>yoga basics</li>\r\n\t<li>introduction to weights</li>\r\n</ul>", "how_it_works": "<p>You can access these classes as often as you like for 3 months. It&#39;s a self-paced, online course, so you decide when you start and finish.</p>\n", "what_it_could_do": "<p>If you&#39;re new to working out, or haven&#39;t done much exercise in a while, these beginner classes can help ease you in to getting fitter and more active.</p>\n", "cost_text": "Free beginner classes for 3 months then from £4.99 a month.", "action_text": "Get started now", "action_url": "https://app.instructorlive.com/p/better-health-beginners-package", "action_url_playstore": null, "action_url_appstore": null, "action_url_moreinfo": "https://www.instructorlive.com/", "logo_image": "instructor-live-logo.png", "promo": null, "opening_hours": null, "action": 2, "service_type": 5, "sort_order": 2.0}}, {"model": "api.v3_service", "pk": 17, "fields": {"name": "Anytime Fitness", "description": "Gyms around the country that are open 24/7.", "what_it_is": "<p>Anytime Fitness provides gym facilities, group training classes and supportive coaches.</p>", "how_it_works": "<p>Find a club near you and use a free 3-day pass so you can:</p>\n\n<ul>\n\t<li>discuss your health goals with one of the Anytime Fitness team</li>\n\t<li>be taken on a club tour to see the range of exercise options and support available to you</li>\n\t<li>enjoy some free workouts and see if a fitness membership is for you</li>\n</ul>\n", "what_it_could_do": "<p>You can get fitter and healthier in a way that fits in with your life.</p>\n", "cost_text": "Free trial", "action_text": "Get a 3-day free trial now", "action_url": "https://www.anytimefitness.co.uk/betterhealth-campaign/", "action_url_playstore": null, "action_url_appstore": null, "action_url_moreinfo": "https://www.anytimefitness.co.uk/", "logo_image": "anytime-fitness-logo.png", "promo": null, "opening_hours": null, "action": 2, "service_type": 6, "sort_order": 2.0}}, {"model": "api.v3_service", "pk": 18, "fields": {"name": "Everyone Active", "description": "Fitness centres with different memberships to suit different needs.", "what_it_is": "<p>Everyone Active provides gyms, pools, exercise classes and wellness memberships.</p>", "how_it_works": "<p>You can choose from:</p>\n\n<ul>\n\t<li>an exercise referral programme, which is for people living with long-term health conditions</li>\n\t<li>guest day passes</li>\n\t<li>an app, which gives you access to services like exercise classes and personal training</li>\n</ul>\n", "what_it_could_do": "<p>Finding a way to get active could help you improve your overall physical and mental health and wellbeing.</p>\n", "cost_text": "Free 1-day pass. Memberships from £9.99 a month.", "action_text": "Find out more", "action_url": "https://www.everyoneactive.com/better-health-everyone-active/", "action_url_playstore": null, "action_url_appstore": null, "action_url_moreinfo": "https://www.everyoneactive.com/", "logo_image": "everyone-active-logo.png", "promo": null, "opening_hours": null, "action": 2, "service_type": 6, "sort_order": 2.0}}, {"model": "api.v3_service", "pk": 19, "fields": {"name": "Tower Hamlets Outdoor Gyms", "description": "16 outdoor gyms across the borough.", "what_it_is": "Tower Hamlets outdoor gyms provide equipment like pull-up bars, chest-press machines and cross-trainers.", "how_it_works": "Find an outdoor gym near you and get started. You can log, track and share your workout on the TGO Activate app or the KOMPAN Outdoor Fitness App depending which gym you are using.", "what_it_could_do": "Build up strength or improve your fitness outside, whenever works for you.", "cost_text": "Free", "action_text": "Find out more", "action_url": "https://www.towerhamlets.gov.uk/lgnl/leisure_and_culture/parks_and_open_spaces/Outdoor_gyms_in_Tower_Hamlets_parks.aspx", "action_url_playstore": "", "action_url_appstore": "", "action_url_moreinfo": "https://www.towerhamlets.gov.uk/lgnl/leisure_and_culture/parks_and_open_spaces/Outdoor_gyms_in_Tower_Hamlets_parks.aspx", "logo_image": "", "promo": "", "opening_hours": "", "action": 2, "service_type": 7, "sort_order": 2.0}}, {"model": "api.v3_service", "pk": 20, "fields": {"name": "Queen Mary weight action plan", "description": "A free, 12-week weight management course for Tower Hamlets residents.", "what_it_is": "The course encourages you to try different tasks to find the weight management approach that works for you. It provides group support to help you keep going.", "how_it_works": "Over the first 8 weeks of the course, you will be given a series of tasks. You have to practice each task for at least the following week and record that you did it.\r\nIf the task worked, you can continue to use it. If it did not work or was too difficult, you can stop it and try a different task. This gives you a good idea of the approaches that you can adopt long-term – and you can practice them with guidance for the last 4 weeks of the 12-week course.", "what_it_could_do": "Research shows that the programme helps over 40% of participants to lose at least 5% of their body weight at one year.", "cost_text": "Free", "action_text": "Register online", "action_url": "https://www.surveymonkey.com/r/7WQQVJ3", "action_url_playstore": "", "action_url_appstore": "", "action_url_moreinfo": "https://www.qmul.ac.uk/wiph/centres/centre-for-public-health-and-policy/health-and-lifestyle-unit/research-projects/weight-action-plan/", "logo_image": "", "promo": "", "opening_hours": "", "action": 2, "service_type": 3, "sort_order": null}}, {"model": "api.v3_service", "pk": 21, "fields": {"name": "Ability Bow", "description": "Intensive 12-week exercise and dietary weight management service for Tower Hamlets residents living with a physical disability.", "what_it_is": "Eat Well & Move provides focused one-to-one and small group exercise and nutrition sessions. You will:\r\n\r\n- increase your physical activity levels with support from our expert instructors\r\n- work with a dietician to identify ways to eat healthily and to manage your weight", "how_it_works": "You need a medical referral to join this programme. \r\n\r\nA specialist, qualified and experienced team help you set achievable goals and manage your weight. They also advise you on ways to sustain a healthy weight beyond the programme.\r\n\r\nSessions can be in-person and online.", "what_it_could_do": "If you're overweight, moving more and eating well can help you stay healthy for longer.", "cost_text": "Free", "action_text": "", "action_url": "", "action_url_playstore": "", "action_url_appstore": "", "action_url_moreinfo": "https://www.abilitybow.org/services/weight-management/", "logo_image": "", "promo": "", "opening_hours": "", "action": 3, "service_type": 3, "sort_order": null}}, {"model": "api.v3_service", "pk": 22, "fields": {"name": "Social Prescribing services", "description": "A way to connect local Tower Hamlets residents to non-medical support.", "what_it_is": "Social prescribers work with you to understand your needs and guide you to the right local support for you, for example wellbeing support or access to exercise facilities.", "how_it_works": "Social prescribing can help you:\r\n- understand what local support is available\r\n- access the local support you need\r\n\r\nYou can use social prescribing services if you have a referral from a GP or approved organisation, or by referring yourself.", "what_it_could_do": "Studies show that social prescribing can help people feel better faster than with medicine alone. It can help you find the right local support to meet your specific needs.", "cost_text": "Free", "action_text": "Refer yourself online", "action_url": "https://www.gpcaregroup.org/your-health-services/social-prescribing/self-referral-form/", "action_url_playstore": "", "action_url_appstore": "", "action_url_moreinfo": "https://www.gpcaregroup.org/your-health-services/social-prescribing/", "logo_image": "", "promo": "", "opening_hours": "", "action": 2, "service_type": 8, "sort_order": null}}, {"model": "api.v3_service", "pk": 23, "fields": {"name": "Stifford Centre Healthy Lifestyle Programme", "description": "A programme to help Tower Hamlets residents make positive lifestyle changes.", "what_it_is": "A team of health advisors offer information, one-to-one, step-by-step motivational support, and activity groups like: \r\n\r\n- healthy eating workshops\r\n- cook and eat sessions\r\n- exercise classes", "how_it_works": "Get in touch with the Healthy Trainers team. The health advisors are members of the local community who are qualified to provide support and guidance on healthier living.\r\n\r\nAnyone who lives, works or studies in Tower Hamlets can self-refer or get a referral from their GP.", "what_it_could_do": "Making positive lifestyle changes with the help of local experts can help you get healthy in a way that fits in with your life.", "cost_text": "Free", "action_text": "", "action_url": "", "action_url_playstore": "", "action_url_appstore": "", "action_url_moreinfo": "https://www.stifford.org.uk/healthy-lifestyle-programme/", "logo_image": "", "promo": "", "opening_hours": "", "action": null, "service_type": 9, "sort_order": null}}, {"model": "api.v3_service", "pk": 24, "fields": {"name": "Idea Stores Fitness and Wellbeing", "description": "Fitness and wellbeing classes for Tower Hamlets residents.", "what_it_is": "Idea Stores offer a range of classes including:\r\n\r\n- strength training for longer life\r\n- Pilates for walkers, runners and movers\r\n- exercise for peri-menopause and menopause\r\n- Tai Chi", "how_it_works": "Fitness classes are available at beginner, intermediate or 'all levels'.\r\n\r\nMost wellbeing courses are beginner level. They are short courses and are a good introduction to the topic. Tutors will let you know about further courses, or other ways to progress at the end of the course.", "what_it_could_do": "Idea Stores classes could help you:\r\n\r\n- develop strength and flexibility\r\n- boost your mood, wellbeing and self-esteem\r\n- stay active while meeting new people", "cost_text": "", "action_text": "", "action_url": "", "action_url_playstore": "", "action_url_appstore": "", "action_url_moreinfo": "https://www.ideastore.co.uk/learning/fitness-and-wellbeing", "logo_image": "", "promo": "", "opening_hours": "", "action": null, "service_type": null, "sort_order": null}}, {"model": "api.v3_service_category", "pk": 1, "fields": {"service": 1, "category": 1}}, {"model": "api.v3_service_category", "pk": 2, "fields": {"service": 2, "category": 1}}, {"model": "api.v3_service_category", "pk": 3, "fields": {"service": 3, "category": 2}}, {"model": "api.v3_service_category", "pk": 4, "fields": {"service": 4, "category": 1}}, {"model": "api.v3_service_category", "pk": 5, "fields": {"service": 5, "category": 1}}, {"model": "api.v3_service_category", "pk": 6, "fields": {"service": 5, "category": 2}}, {"model": "api.v3_service_category", "pk": 7, "fields": {"service": 6, "category": 2}}, {"model": "api.v3_service_category", "pk": 8, "fields": {"service": 7, "category": 2}}, {"model": "api.v3_service_category", "pk": 9, "fields": {"service": 8, "category": 1}}, {"model": "api.v3_service_category", "pk": 10, "fields": {"service": 9, "category": 1}}, {"model": "api.v3_service_category", "pk": 11, "fields": {"service": 10, "category": 1}}, {"model": "api.v3_service_category", "pk": 12, "fields": {"service": 12, "category": 1}}, {"model": "api.v3_service_category", "pk": 13, "fields": {"service": 14, "category": 1}}, {"model": "api.v3_service_category", "pk": 14, "fields": {"service": 15, "category": 1}}, {"model": "api.v3_service_category", "pk": 15, "fields": {"service": 16, "category": 1}}, {"model": "api.v3_service_category", "pk": 16, "fields": {"service": 17, "category": 1}}, {"model": "api.v3_service_category", "pk": 17, "fields": {"service": 18, "category": 1}}, {"model": "api.v3_service_category", "pk": 18, "fields": {"service": 19, "category": 1}}, {"model": "api.v3_service_category", "pk": 19, "fields": {"service": 20, "category": 1}}, {"model": "api.v3_service_category", "pk": 20, "fields": {"service": 20, "category": 2}}, {"model": "api.v3_service_category", "pk": 21, "fields": {"service": 21, "category": 1}}, {"model": "api.v3_service_category", "pk": 22, "fields": {"service": 21, "category": 2}}, {"model": "api.v3_service_category", "pk": 23, "fields": {"service": 22, "category": 1}}, {"model": "api.v3_service_category", "pk": 24, "fields": {"service": 22, "category": 2}}, {"model": "api.v3_service_category", "pk": 25, "fields": {"service": 23, "category": 1}}, {"model": "api.v3_service_category", "pk": 26, "fields": {"service": 23, "category": 2}}, {"model": "api.v3_service_category", "pk": 27, "fields": {"service": 24, "category": 1}}, {"model": "api.v3_service_category", "pk": 28, "fields": {"service": 24, "category": 2}}, {"model": "api.v3_service_helpswith", "pk": 1, "fields": {"service": 1, "helpswith": 1}}, {"model": "api.v3_service_helpswith", "pk": 2, "fields": {"service": 1, "helpswith": 3}}, {"model": "api.v3_service_helpswith", "pk": 3, "fields": {"service": 1, "helpswith": 2}}, {"model": "api.v3_service_helpswith", "pk": 4, "fields": {"service": 1, "helpswith": 4}}, {"model": "api.v3_service_helpswith", "pk": 5, "fields": {"service": 2, "helpswith": 5}}, {"model": "api.v3_service_helpswith", "pk": 6, "fields": {"service": 2, "helpswith": 1}}, {"model": "api.v3_service_helpswith", "pk": 7, "fields": {"service": 2, "helpswith": 2}}, {"model": "api.v3_service_helpswith", "pk": 8, "fields": {"service": 2, "helpswith": 3}}, {"model": "api.v3_service_helpswith", "pk": 9, "fields": {"service": 3, "helpswith": 2}}, {"model": "api.v3_service_helpswith", "pk": 10, "fields": {"service": 3, "helpswith": 3}}, {"model": "api.v3_service_helpswith", "pk": 11, "fields": {"service": 3, "helpswith": 1}}, {"model": "api.v3_service_helpswith", "pk": 12, "fields": {"service": 4, "helpswith": 2}}, {"model": "api.v3_service_helpswith", "pk": 13, "fields": {"service": 4, "helpswith": 3}}, {"model": "api.v3_service_helpswith", "pk": 14, "fields": {"service": 4, "helpswith": 1}}, {"model": "api.v3_service_helpswith", "pk": 15, "fields": {"service": 4, "helpswith": 5}}, {"model": "api.v3_service_helpswith", "pk": 16, "fields": {"service": 5, "helpswith": 3}}, {"model": "api.v3_service_helpswith", "pk": 17, "fields": {"service": 5, "helpswith": 1}}, {"model": "api.v3_service_helpswith", "pk": 18, "fields": {"service": 5, "helpswith": 2}}, {"model": "api.v3_service_helpswith", "pk": 19, "fields": {"service": 6, "helpswith": 3}}, {"model": "api.v3_service_helpswith", "pk": 20, "fields": {"service": 6, "helpswith": 1}}, {"model": "api.v3_service_helpswith", "pk": 21, "fields": {"service": 6, "helpswith": 2}}, {"model": "api.v3_service_helpswith", "pk": 22, "fields": {"service": 7, "helpswith": 2}}, {"model": "api.v3_service_helpswith", "pk": 23, "fields": {"service": 7, "helpswith": 1}}, {"model": "api.v3_service_helpswith", "pk": 24, "fields": {"service": 8, "helpswith": 5}}, {"model": "api.v3_service_helpswith", "pk": 25, "fields": {"service": 8, "helpswith": 3}}, {"model": "api.v3_service_helpswith", "pk": 26, "fields": {"service": 8, "helpswith": 1}}, {"model": "api.v3_service_helpswith", "pk": 27, "fields": {"service": 8, "helpswith": 2}}, {"model": "api.v3_service_helpswith", "pk": 28, "fields": {"service": 9, "helpswith": 5}}, {"model": "api.v3_service_helpswith", "pk": 29, "fields": {"service": 9, "helpswith": 1}}, {"model": "api.v3_service_helpswith", "pk": 30, "fields": {"service": 9, "helpswith": 3}}, {"model": "api.v3_service_helpswith", "pk": 31, "fields": {"service": 9, "helpswith": 2}}, {"model": "api.v3_service_helpswith", "pk": 32, "fields": {"service": 10, "helpswith": 1}}, {"model": "api.v3_service_helpswith", "pk": 33, "fields": {"service": 10, "helpswith": 5}}, {"model": "api.v3_service_helpswith", "pk": 34, "fields": {"service": 10, "helpswith": 2}}, {"model": "api.v3_service_helpswith", "pk": 35, "fields": {"service": 10, "helpswith": 3}}, {"model": "api.v3_service_helpswith", "pk": 36, "fields": {"service": 12, "helpswith": 1}}, {"model": "api.v3_service_helpswith", "pk": 37, "fields": {"service": 12, "helpswith": 3}}, {"model": "api.v3_service_helpswith", "pk": 38, "fields": {"service": 12, "helpswith": 2}}, {"model": "api.v3_service_helpswith", "pk": 39, "fields": {"service": 12, "helpswith": 5}}, {"model": "api.v3_service_helpswith", "pk": 40, "fields": {"service": 14, "helpswith": 3}}, {"model": "api.v3_service_helpswith", "pk": 41, "fields": {"service": 14, "helpswith": 5}}, {"model": "api.v3_service_helpswith", "pk": 42, "fields": {"service": 14, "helpswith": 1}}, {"model": "api.v3_service_helpswith", "pk": 43, "fields": {"service": 14, "helpswith": 2}}, {"model": "api.v3_service_helpswith", "pk": 44, "fields": {"service": 15, "helpswith": 2}}, {"model": "api.v3_service_helpswith", "pk": 45, "fields": {"service": 15, "helpswith": 1}}, {"model": "api.v3_service_helpswith", "pk": 46, "fields": {"service": 15, "helpswith": 3}}, {"model": "api.v3_service_helpswith", "pk": 47, "fields": {"service": 16, "helpswith": 5}}, {"model": "api.v3_service_helpswith", "pk": 48, "fields": {"service": 16, "helpswith": 1}}, {"model": "api.v3_service_helpswith", "pk": 49, "fields": {"service": 16, "helpswith": 2}}, {"model": "api.v3_service_helpswith", "pk": 50, "fields": {"service": 16, "helpswith": 3}}, {"model": "api.v3_service_helpswith", "pk": 51, "fields": {"service": 17, "helpswith": 3}}, {"model": "api.v3_service_helpswith", "pk": 52, "fields": {"service": 17, "helpswith": 1}}, {"model": "api.v3_service_helpswith", "pk": 53, "fields": {"service": 17, "helpswith": 2}}, {"model": "api.v3_service_helpswith", "pk": 54, "fields": {"service": 18, "helpswith": 3}}, {"model": "api.v3_service_helpswith", "pk": 55, "fields": {"service": 18, "helpswith": 1}}, {"model": "api.v3_service_helpswith", "pk": 56, "fields": {"service": 18, "helpswith": 2}}, {"model": "api.v3_service_helpswith", "pk": 57, "fields": {"service": 19, "helpswith": 1}}, {"model": "api.v3_service_helpswith", "pk": 58, "fields": {"service": 19, "helpswith": 2}}, {"model": "api.v3_service_helpswith", "pk": 59, "fields": {"service": 19, "helpswith": 3}}, {"model": "api.v3_service_helpswith", "pk": 60, "fields": {"service": 19, "helpswith": 5}}, {"model": "api.v3_service_helpswith", "pk": 61, "fields": {"service": 20, "helpswith": 1}}, {"model": "api.v3_service_helpswith", "pk": 62, "fields": {"service": 20, "helpswith": 2}}, {"model": "api.v3_service_helpswith", "pk": 63, "fields": {"service": 20, "helpswith": 3}}, {"model": "api.v3_service_helpswith", "pk": 64, "fields": {"service": 20, "helpswith": 5}}, {"model": "api.v3_service_helpswith", "pk": 65, "fields": {"service": 21, "helpswith": 1}}, {"model": "api.v3_service_helpswith", "pk": 66, "fields": {"service": 21, "helpswith": 2}}, {"model": "api.v3_service_helpswith", "pk": 67, "fields": {"service": 21, "helpswith": 3}}, {"model": "api.v3_service_helpswith", "pk": 68, "fields": {"service": 21, "helpswith": 5}}, {"model": "api.v3_service_helpswith", "pk": 69, "fields": {"service": 22, "helpswith": 1}}, {"model": "api.v3_service_helpswith", "pk": 70, "fields": {"service": 22, "helpswith": 2}}, {"model": "api.v3_service_helpswith", "pk": 71, "fields": {"service": 22, "helpswith": 3}}, {"model": "api.v3_service_helpswith", "pk": 72, "fields": {"service": 22, "helpswith": 5}}, {"model": "api.v3_service_helpswith", "pk": 73, "fields": {"service": 23, "helpswith": 1}}, {"model": "api.v3_service_helpswith", "pk": 74, "fields": {"service": 23, "helpswith": 2}}, {"model": "api.v3_service_helpswith", "pk": 75, "fields": {"service": 23, "helpswith": 3}}, {"model": "api.v3_service_helpswith", "pk": 76, "fields": {"service": 23, "helpswith": 5}}, {"model": "api.v3_service_helpswith", "pk": 77, "fields": {"service": 24, "helpswith": 1}}, {"model": "api.v3_service_helpswith", "pk": 78, "fields": {"service": 24, "helpswith": 2}}, {"model": "api.v3_service_helpswith", "pk": 79, "fields": {"service": 24, "helpswith": 3}}, {"model": "api.v3_service_helpswith", "pk": 80, "fields": {"service": 24, "helpswith": 5}}, {"model": "api.v3_service_whofor", "pk": 1, "fields": {"service": 1, "who_for": 1}}, {"model": "api.v3_service_whofor", "pk": 2, "fields": {"service": 2, "who_for": 2}}, {"model": "api.v3_service_whofor", "pk": 3, "fields": {"service": 3, "who_for": 3}}, {"model": "api.v3_service_whofor", "pk": 4, "fields": {"service": 4, "who_for": 2}}, {"model": "api.v3_service_whofor", "pk": 5, "fields": {"service": 5, "who_for": 3}}, {"model": "api.v3_service_whofor", "pk": 6, "fields": {"service": 5, "who_for": 4}}, {"model": "api.v3_service_whofor", "pk": 7, "fields": {"service": 5, "who_for": 5}}, {"model": "api.v3_service_whofor", "pk": 8, "fields": {"service": 6, "who_for": 3}}, {"model": "api.v3_service_whofor", "pk": 9, "fields": {"service": 7, "who_for": 2}}, {"model": "api.v3_service_whofor", "pk": 10, "fields": {"service": 8, "who_for": 2}}, {"model": "api.v3_service_whofor", "pk": 11, "fields": {"service": 9, "who_for": 3}}, {"model": "api.v3_service_whofor", "pk": 12, "fields": {"service": 10, "who_for": 3}}, {"model": "api.v3_service_whofor", "pk": 13, "fields": {"service": 12, "who_for": 6}}, {"model": "api.v3_service_whofor", "pk": 14, "fields": {"service": 14, "who_for": 3}}, {"model": "api.v3_service_whofor", "pk": 15, "fields": {"service": 15, "who_for": 2}}, {"model": "api.v3_service_whofor", "pk": 16, "fields": {"service": 16, "who_for": 3}}, {"model": "api.v3_service_whofor", "pk": 17, "fields": {"service": 17, "who_for": 3}}, {"model": "api.v3_service_whofor", "pk": 18, "fields": {"service": 18, "who_for": 3}}, {"model": "api.v3_service_whofor", "pk": 19, "fields": {"service": 19, "who_for": 2}}, {"model": "api.v3_service_whofor", "pk": 20, "fields": {"service": 20, "who_for": 3}}, {"model": "api.v3_service_whofor", "pk": 21, "fields": {"service": 20, "who_for": 4}}, {"model": "api.v3_service_whofor", "pk": 22, "fields": {"service": 20, "who_for": 7}}, {"model": "api.v3_service_whofor", "pk": 23, "fields": {"service": 21, "who_for": 3}}, {"model": "api.v3_service_whofor", "pk": 24, "fields": {"service": 21, "who_for": 7}}, {"model": "api.v3_service_whofor", "pk": 25, "fields": {"service": 21, "who_for": 8}}, {"model": "api.v3_service_whofor", "pk": 26, "fields": {"service": 21, "who_for": 9}}, {"model": "api.v3_service_whofor", "pk": 27, "fields": {"service": 22, "who_for": 7}}, {"model": "api.v3_service_whofor", "pk": 28, "fields": {"service": 23, "who_for": 10}}, {"model": "api.v3_service_whofor", "pk": 29, "fields": {"service": 24, "who_for": 2}}, {"model": "api.v3_service_whonotfor", "pk": 1, "fields": {"service": 3, "who_not_for": 1}}, {"model": "api.v3_service_whonotfor", "pk": 2, "fields": {"service": 3, "who_not_for": 2}}, {"model": "api.v3_service_whonotfor", "pk": 3, "fields": {"service": 6, "who_not_for": 1}}, {"model": "api.v3_service_whonotfor", "pk": 4, "fields": {"service": 6, "who_not_for": 2}}, {"model": "api.v3_service_whonotfor", "pk": 5, "fields": {"service": 9, "who_not_for": 1}}, {"model": "api.v3_service_whonotfor", "pk": 6, "fields": {"service": 10, "who_not_for": 1}}, {"model": "api.v3_service_mitigation", "pk": 1, "fields": {"service": 1, "mitigation": 1}}, {"model": "api.v3_service_mitigation", "pk": 2, "fields": {"service": 2, "mitigation": 2}}, {"model": "api.v3_service_mitigation", "pk": 3, "fields": {"service": 3, "mitigation": 2}}, {"model": "api.v3_service_mitigation", "pk": 4, "fields": {"service": 4, "mitigation": 1}}, {"model": "api.v3_service_mitigation", "pk": 5, "fields": {"service": 5, "mitigation": 2}}, {"model": "api.v3_service_mitigation", "pk": 6, "fields": {"service": 6, "mitigation": 2}}, {"model": "api.v3_service_mitigation", "pk": 7, "fields": {"service": 7, "mitigation": 1}}, {"model": "api.v3_service_mitigation", "pk": 8, "fields": {"service": 8, "mitigation": 1}}, {"model": "api.v3_service_mitigation", "pk": 9, "fields": {"service": 9, "mitigation": 2}}, {"model": "api.v3_service_mitigation", "pk": 10, "fields": {"service": 10, "mitigation": 2}}, {"model": "api.v3_service_mitigation", "pk": 11, "fields": {"service": 12, "mitigation": 2}}, {"model": "api.v3_service_mitigation", "pk": 12, "fields": {"service": 14, "mitigation": 1}}, {"model": "api.v3_service_mitigation", "pk": 13, "fields": {"service": 15, "mitigation": 2}}, {"model": "api.v3_service_mitigation", "pk": 14, "fields": {"service": 16, "mitigation": 2}}, {"model": "api.v3_service_mitigation", "pk": 15, "fields": {"service": 17, "mitigation": 2}}, {"model": "api.v3_service_mitigation", "pk": 16, "fields": {"service": 18, "mitigation": 2}}, {"model": "api.v3_service_mitigation", "pk": 17, "fields": {"service": 19, "mitigation": 1}}, {"model": "api.v3_service_mitigation", "pk": 18, "fields": {"service": 20, "mitigation": 1}}, {"model": "api.v3_service_mitigation", "pk": 19, "fields": {"service": 21, "mitigation": 1}}, {"model": "api.v3_service_mitigation", "pk": 20, "fields": {"service": 22, "mitigation": 1}}, {"model": "api.v3_service_mitigation", "pk": 21, "fields": {"service": 23, "mitigation": 1}}, {"model": "api.v3_service_mitigation", "pk": 22, "fields": {"service": 24, "mitigation": 2}}, {"model": "api.v3_service_timerequired", "pk": 1, "fields": {"service": 1, "time": 1}}, {"model": "api.v3_service_timerequired", "pk": 2, "fields": {"service": 2, "time": 2}}, {"model": "api.v3_service_timerequired", "pk": 3, "fields": {"service": 2, "time": 3}}, {"model": "api.v3_service_timerequired", "pk": 4, "fields": {"service": 2, "time": 4}}, {"model": "api.v3_service_timerequired", "pk": 5, "fields": {"service": 4, "time": 5}}, {"model": "api.v3_service_timerequired", "pk": 6, "fields": {"service": 5, "time": 6}}, {"model": "api.v3_service_timerequired", "pk": 7, "fields": {"service": 6, "time": 6}}, {"model": "api.v3_service_timerequired", "pk": 8, "fields": {"service": 9, "time": 7}}, {"model": "api.v3_service_timerequired", "pk": 9, "fields": {"service": 9, "time": 8}}, {"model": "api.v3_service_timerequired", "pk": 10, "fields": {"service": 10, "time": 9}}, {"model": "api.v3_service_timerequired", "pk": 11, "fields": {"service": 12, "time": 10}}, {"model": "api.v3_service_timerequired", "pk": 12, "fields": {"service": 14, "time": 11}}, {"model": "api.v3_service_timerequired", "pk": 13, "fields": {"service": 16, "time": 12}}, {"model": "api.v3_service_timerequired", "pk": 14, "fields": {"service": 20, "time": 6}}, {"model": "api.v3_service_timerequired", "pk": 15, "fields": {"service": 21, "time": 6}}, {"model": "api.v3_service_access", "pk": 1, "fields": {"service": 1, "access": 4}}, {"model": "api.v3_service_access", "pk": 2, "fields": {"service": 3, "access": 5}}, {"model": "api.v3_service_access", "pk": 3, "fields": {"service": 3, "access": 6}}, {"model": "api.v3_service_access", "pk": 4, "fields": {"service": 3, "access": 7}}, {"model": "api.v3_service_access", "pk": 5, "fields": {"service": 5, "access": 8}}, {"model": "api.v3_service_access", "pk": 6, "fields": {"service": 6, "access": 9}}, {"model": "api.v3_service_access", "pk": 7, "fields": {"service": 7, "access": 10}}, {"model": "api.v3_service_access", "pk": 8, "fields": {"service": 8, "access": 11}}, {"model": "api.v3_service_access", "pk": 9, "fields": {"service": 9, "access": 5}}, {"model": "api.v3_service_access", "pk": 10, "fields": {"service": 9, "access": 13}}, {"model": "api.v3_service_access", "pk": 11, "fields": {"service": 10, "access": 5}}, {"model": "api.v3_service_access", "pk": 12, "fields": {"service": 12, "access": 11}}, {"model": "api.v3_service_access", "pk": 13, "fields": {"service": 14, "access": 16}}, {"model": "api.v3_service_access", "pk": 14, "fields": {"service": 15, "access": 17}}, {"model": "api.v3_service_access", "pk": 15, "fields": {"service": 16, "access": 1}}, {"model": "api.v3_service_access", "pk": 16, "fields": {"service": 17, "access": 2}}, {"model": "api.v3_service_access", "pk": 17, "fields": {"service": 18, "access": 2}}, {"model": "api.v3_service_access", "pk": 18, "fields": {"service": 18, "access": 3}}, {"model": "api.v3_service_access", "pk": 19, "fields": {"service": 20, "access": 4}}, {"model": "api.v3_service_access", "pk": 20, "fields": {"service": 20, "access": 18}}, {"model": "api.v3_service_access", "pk": 21, "fields": {"service": 21, "access": 19}}, {"model": "api.v3_service_cost", "pk": 1, "fields": {"service": 1, "cost": 1}}, {"model": "api.v3_service_cost", "pk": 2, "fields": {"service": 2, "cost": 1}}, {"model": "api.v3_service_cost", "pk": 3, "fields": {"service": 3, "cost": 2}}, {"model": "api.v3_service_cost", "pk": 4, "fields": {"service": 3, "cost": 3}}, {"model": "api.v3_service_cost", "pk": 5, "fields": {"service": 3, "cost": 4}}, {"model": "api.v3_service_cost", "pk": 6, "fields": {"service": 4, "cost": 1}}, {"model": "api.v3_service_cost", "pk": 7, "fields": {"service": 5, "cost": 1}}, {"model": "api.v3_service_cost", "pk": 8, "fields": {"service": 6, "cost": 1}}, {"model": "api.v3_service_cost", "pk": 9, "fields": {"service": 7, "cost": 1}}, {"model": "api.v3_service_cost", "pk": 10, "fields": {"service": 8, "cost": 1}}, {"model": "api.v3_service_cost", "pk": 11, "fields": {"service": 9, "cost": 5}}, {"model": "api.v3_service_cost", "pk": 12, "fields": {"service": 9, "cost": 6}}, {"model": "api.v3_service_cost", "pk": 13, "fields": {"service": 9, "cost": 7}}, {"model": "api.v3_service_cost", "pk": 14, "fields": {"service": 10, "cost": 9}}, {"model": "api.v3_service_cost", "pk": 15, "fields": {"service": 12, "cost": 13}}, {"model": "api.v3_service_cost", "pk": 16, "fields": {"service": 12, "cost": 14}}, {"model": "api.v3_service_cost", "pk": 17, "fields": {"service": 14, "cost": 1}}, {"model": "api.v3_service_cost", "pk": 18, "fields": {"service": 15, "cost": 17}}, {"model": "api.v3_service_cost", "pk": 19, "fields": {"service": 16, "cost": 18}}, {"model": "api.v3_service_cost", "pk": 20, "fields": {"service": 16, "cost": 19}}, {"model": "api.v3_service_cost", "pk": 21, "fields": {"service": 16, "cost": 20}}, {"model": "api.v3_service_cost", "pk": 22, "fields": {"service": 17, "cost": 21}}, {"model": "api.v3_service_cost", "pk": 23, "fields": {"service": 18, "cost": 22}}, {"model": "api.v3_service_cost", "pk": 24, "fields": {"service": 18, "cost": 24}}, {"model": "api.v3_service_cost", "pk": 25, "fields": {"service": 18, "cost": 23}}, {"model": "api.v3_service_cost", "pk": 26, "fields": {"service": 18, "cost": 25}}, {"model": "api.v3_service_cost", "pk": 27, "fields": {"service": 19, "cost": 1}}, {"model": "api.v3_service_cost", "pk": 28, "fields": {"service": 20, "cost": 1}}, {"model": "api.v3_service_cost", "pk": 29, "fields": {"service": 21, "cost": 1}}, {"model": "api.v3_service_cost", "pk": 30, "fields": {"service": 22, "cost": 1}}, {"model": "api.v3_service_cost", "pk": 31, "fields": {"service": 23, "cost": 1}}, {"model": "api.v3_service_taxonomy", "pk": 1, "fields": {"service": 1, "taxonomy": 1}}, {"model": "api.v3_service_taxonomy", "pk": 2, "fields": {"service": 1, "taxonomy": 2}}, {"model": "api.v3_service_taxonomy", "pk": 3, "fields": {"service": 1, "taxonomy": 3}}, {"model": "api.v3_service_taxonomy", "pk": 4, "fields": {"service": 1, "taxonomy": 4}}, {"model": "api.v3_service_taxonomy", "pk": 5, "fields": {"service": 1, "taxonomy": 5}}, {"model": "api.v3_service_taxonomy", "pk": 6, "fields": {"service": 1, "taxonomy": 6}}, {"model": "api.v3_service_taxonomy", "pk": 7, "fields": {"service": 2, "taxonomy": 1}}, {"model": "api.v3_service_taxonomy", "pk": 8, "fields": {"service": 2, "taxonomy": 6}}, {"model": "api.v3_service_taxonomy", "pk": 9, "fields": {"service": 2, "taxonomy": 8}}, {"model": "api.v3_service_taxonomy", "pk": 10, "fields": {"service": 2, "taxonomy": 9}}, {"model": "api.v3_service_taxonomy", "pk": 11, "fields": {"service": 2, "taxonomy": 10}}, {"model": "api.v3_service_taxonomy", "pk": 12, "fields": {"service": 3, "taxonomy": 2}}, {"model": "api.v3_service_taxonomy", "pk": 13, "fields": {"service": 3, "taxonomy": 3}}, {"model": "api.v3_service_taxonomy", "pk": 14, "fields": {"service": 3, "taxonomy": 4}}, {"model": "api.v3_service_taxonomy", "pk": 15, "fields": {"service": 3, "taxonomy": 5}}, {"model": "api.v3_service_taxonomy", "pk": 16, "fields": {"service": 3, "taxonomy": 6}}, {"model": "api.v3_service_taxonomy", "pk": 17, "fields": {"service": 3, "taxonomy": 8}}, {"model": "api.v3_service_taxonomy", "pk": 18, "fields": {"service": 3, "taxonomy": 9}}, {"model": "api.v3_service_taxonomy", "pk": 19, "fields": {"service": 3, "taxonomy": 10}}, {"model": "api.v3_service_taxonomy", "pk": 20, "fields": {"service": 3, "taxonomy": 11}}, {"model": "api.v3_service_taxonomy", "pk": 21, "fields": {"service": 3, "taxonomy": 12}}, {"model": "api.v3_service_taxonomy", "pk": 22, "fields": {"service": 3, "taxonomy": 13}}, {"model": "api.v3_service_taxonomy", "pk": 23, "fields": {"service": 3, "taxonomy": 15}}, {"model": "api.v3_service_taxonomy", "pk": 24, "fields": {"service": 4, "taxonomy": 1}}, {"model": "api.v3_service_taxonomy", "pk": 25, "fields": {"service": 4, "taxonomy": 2}}, {"model": "api.v3_service_taxonomy", "pk": 26, "fields": {"service": 4, "taxonomy": 6}}, {"model": "api.v3_service_taxonomy", "pk": 27, "fields": {"service": 4, "taxonomy": 8}}, {"model": "api.v3_service_taxonomy", "pk": 28, "fields": {"service": 4, "taxonomy": 9}}, {"model": "api.v3_service_taxonomy", "pk": 29, "fields": {"service": 4, "taxonomy": 10}}, {"model": "api.v3_service_taxonomy", "pk": 30, "fields": {"service": 5, "taxonomy": 1}}, {"model": "api.v3_service_taxonomy", "pk": 31, "fields": {"service": 5, "taxonomy": 2}}, {"model": "api.v3_service_taxonomy", "pk": 32, "fields": {"service": 5, "taxonomy": 8}}, {"model": "api.v3_service_taxonomy", "pk": 33, "fields": {"service": 5, "taxonomy": 9}}, {"model": "api.v3_service_taxonomy", "pk": 34, "fields": {"service": 5, "taxonomy": 10}}, {"model": "api.v3_service_taxonomy", "pk": 35, "fields": {"service": 5, "taxonomy": 15}}, {"model": "api.v3_service_taxonomy", "pk": 36, "fields": {"service": 6, "taxonomy": 1}}, {"model": "api.v3_service_taxonomy", "pk": 37, "fields": {"service": 6, "taxonomy": 2}}, {"model": "api.v3_service_taxonomy", "pk": 38, "fields": {"service": 6, "taxonomy": 8}}, {"model": "api.v3_service_taxonomy", "pk": 39, "fields": {"service": 6, "taxonomy": 9}}, {"model": "api.v3_service_taxonomy", "pk": 40, "fields": {"service": 6, "taxonomy": 10}}, {"model": "api.v3_service_taxonomy", "pk": 41, "fields": {"service": 6, "taxonomy": 15}}, {"model": "api.v3_service_taxonomy", "pk": 42, "fields": {"service": 7, "taxonomy": 8}}, {"model": "api.v3_service_taxonomy", "pk": 43, "fields": {"service": 7, "taxonomy": 15}}, {"model": "api.v3_service_taxonomy", "pk": 44, "fields": {"service": 7, "taxonomy": 1}}, {"model": "api.v3_service_taxonomy", "pk": 45, "fields": {"service": 7, "taxonomy": 2}}, {"model": "api.v3_service_taxonomy", "pk": 46, "fields": {"service": 7, "taxonomy": 10}}, {"model": "api.v3_service_taxonomy", "pk": 47, "fields": {"service": 7, "taxonomy": 9}}, {"model": "api.v3_service_taxonomy", "pk": 48, "fields": {"service": 8, "taxonomy": 1}}, {"model": "api.v3_service_taxonomy", "pk": 49, "fields": {"service": 8, "taxonomy": 3}}, {"model": "api.v3_service_taxonomy", "pk": 50, "fields": {"service": 8, "taxonomy": 6}}, {"model": "api.v3_service_taxonomy", "pk": 51, "fields": {"service": 8, "taxonomy": 5}}, {"model": "api.v3_service_taxonomy", "pk": 52, "fields": {"service": 8, "taxonomy": 10}}, {"model": "api.v3_service_taxonomy", "pk": 53, "fields": {"service": 8, "taxonomy": 13}}, {"model": "api.v3_service_taxonomy", "pk": 54, "fields": {"service": 8, "taxonomy": 4}}, {"model": "api.v3_service_taxonomy", "pk": 55, "fields": {"service": 9, "taxonomy": 8}}, {"model": "api.v3_service_taxonomy", "pk": 56, "fields": {"service": 9, "taxonomy": 15}}, {"model": "api.v3_service_taxonomy", "pk": 57, "fields": {"service": 9, "taxonomy": 11}}, {"model": "api.v3_service_taxonomy", "pk": 58, "fields": {"service": 9, "taxonomy": 12}}, {"model": "api.v3_service_taxonomy", "pk": 59, "fields": {"service": 9, "taxonomy": 2}}, {"model": "api.v3_service_taxonomy", "pk": 60, "fields": {"service": 9, "taxonomy": 13}}, {"model": "api.v3_service_taxonomy", "pk": 61, "fields": {"service": 9, "taxonomy": 9}}, {"model": "api.v3_service_taxonomy", "pk": 62, "fields": {"service": 10, "taxonomy": 8}}, {"model": "api.v3_service_taxonomy", "pk": 63, "fields": {"service": 10, "taxonomy": 15}}, {"model": "api.v3_service_taxonomy", "pk": 64, "fields": {"service": 10, "taxonomy": 3}}, {"model": "api.v3_service_taxonomy", "pk": 65, "fields": {"service": 10, "taxonomy": 6}}, {"model": "api.v3_service_taxonomy", "pk": 66, "fields": {"service": 10, "taxonomy": 11}}, {"model": "api.v3_service_taxonomy", "pk": 67, "fields": {"service": 10, "taxonomy": 12}}, {"model": "api.v3_service_taxonomy", "pk": 68, "fields": {"service": 10, "taxonomy": 5}}, {"model": "api.v3_service_taxonomy", "pk": 69, "fields": {"service": 10, "taxonomy": 2}}, {"model": "api.v3_service_taxonomy", "pk": 70, "fields": {"service": 10, "taxonomy": 10}}, {"model": "api.v3_service_taxonomy", "pk": 71, "fields": {"service": 10, "taxonomy": 13}}, {"model": "api.v3_service_taxonomy", "pk": 72, "fields": {"service": 10, "taxonomy": 4}}, {"model": "api.v3_service_taxonomy", "pk": 73, "fields": {"service": 10, "taxonomy": 9}}, {"model": "api.v3_service_taxonomy", "pk": 74, "fields": {"service": 12, "taxonomy": 3}}, {"model": "api.v3_service_taxonomy", "pk": 75, "fields": {"service": 12, "taxonomy": 6}}, {"model": "api.v3_service_taxonomy", "pk": 76, "fields": {"service": 12, "taxonomy": 11}}, {"model": "api.v3_service_taxonomy", "pk": 77, "fields": {"service": 12, "taxonomy": 12}}, {"model": "api.v3_service_taxonomy", "pk": 78, "fields": {"service": 12, "taxonomy": 5}}, {"model": "api.v3_service_taxonomy", "pk": 79, "fields": {"service": 12, "taxonomy": 13}}, {"model": "api.v3_service_taxonomy", "pk": 80, "fields": {"service": 12, "taxonomy": 4}}, {"model": "api.v3_service_taxonomy", "pk": 81, "fields": {"service": 14, "taxonomy": 8}}, {"model": "api.v3_service_taxonomy", "pk": 82, "fields": {"service": 14, "taxonomy": 15}}, {"model": "api.v3_service_taxonomy", "pk": 83, "fields": {"service": 14, "taxonomy": 1}}, {"model": "api.v3_service_taxonomy", "pk": 84, "fields": {"service": 14, "taxonomy": 13}}, {"model": "api.v3_service_taxonomy", "pk": 85, "fields": {"service": 14, "taxonomy": 9}}, {"model": "api.v3_service_taxonomy", "pk": 86, "fields": {"service": 15, "taxonomy": 8}}, {"model": "api.v3_service_taxonomy", "pk": 87, "fields": {"service": 15, "taxonomy": 3}}, {"model": "api.v3_service_taxonomy", "pk": 88, "fields": {"service": 15, "taxonomy": 12}}, {"model": "api.v3_service_taxonomy", "pk": 89, "fields": {"service": 15, "taxonomy": 5}}, {"model": "api.v3_service_taxonomy", "pk": 90, "fields": {"service": 15, "taxonomy": 2}}, {"model": "api.v3_service_taxonomy", "pk": 91, "fields": {"service": 15, "taxonomy": 10}}, {"model": "api.v3_service_taxonomy", "pk": 92, "fields": {"service": 15, "taxonomy": 13}}, {"model": "api.v3_service_taxonomy", "pk": 93, "fields": {"service": 15, "taxonomy": 4}}, {"model": "api.v3_service_taxonomy", "pk": 94, "fields": {"service": 16, "taxonomy": 8}}, {"model": "api.v3_service_taxonomy", "pk": 95, "fields": {"service": 16, "taxonomy": 15}}, {"model": "api.v3_service_taxonomy", "pk": 96, "fields": {"service": 16, "taxonomy": 12}}, {"model": "api.v3_service_taxonomy", "pk": 97, "fields": {"service": 16, "taxonomy": 18}}, {"model": "api.v3_service_taxonomy", "pk": 98, "fields": {"service": 16, "taxonomy": 2}}, {"model": "api.v3_service_taxonomy", "pk": 99, "fields": {"service": 16, "taxonomy": 13}}, {"model": "api.v3_service_taxonomy", "pk": 100, "fields": {"service": 16, "taxonomy": 9}}, {"model": "api.v3_service_taxonomy", "pk": 101, "fields": {"service": 17, "taxonomy": 8}}, {"model": "api.v3_service_taxonomy", "pk": 102, "fields": {"service": 17, "taxonomy": 15}}, {"model": "api.v3_service_taxonomy", "pk": 103, "fields": {"service": 17, "taxonomy": 3}}, {"model": "api.v3_service_taxonomy", "pk": 104, "fields": {"service": 17, "taxonomy": 6}}, {"model": "api.v3_service_taxonomy", "pk": 105, "fields": {"service": 17, "taxonomy": 11}}, {"model": "api.v3_service_taxonomy", "pk": 106, "fields": {"service": 17, "taxonomy": 12}}, {"model": "api.v3_service_taxonomy", "pk": 107, "fields": {"service": 17, "taxonomy": 5}}, {"model": "api.v3_service_taxonomy", "pk": 108, "fields": {"service": 17, "taxonomy": 2}}, {"model": "api.v3_service_taxonomy", "pk": 109, "fields": {"service": 17, "taxonomy": 13}}, {"model": "api.v3_service_taxonomy", "pk": 110, "fields": {"service": 17, "taxonomy": 4}}, {"model": "api.v3_service_taxonomy", "pk": 111, "fields": {"service": 17, "taxonomy": 9}}, {"model": "api.v3_service_taxonomy", "pk": 112, "fields": {"service": 18, "taxonomy": 8}}, {"model": "api.v3_service_taxonomy", "pk": 113, "fields": {"service": 18, "taxonomy": 15}}, {"model": "api.v3_service_taxonomy", "pk": 114, "fields": {"service": 18, "taxonomy": 3}}, {"model": "api.v3_service_taxonomy", "pk": 115, "fields": {"service": 18, "taxonomy": 6}}, {"model": "api.v3_service_taxonomy", "pk": 116, "fields": {"service": 18, "taxonomy": 11}}, {"model": "api.v3_service_taxonomy", "pk": 117, "fields": {"service": 18, "taxonomy": 12}}, {"model": "api.v3_service_taxonomy", "pk": 118, "fields": {"service": 18, "taxonomy": 5}}, {"model": "api.v3_service_taxonomy", "pk": 119, "fields": {"service": 18, "taxonomy": 2}}, {"model": "api.v3_service_taxonomy", "pk": 120, "fields": {"service": 18, "taxonomy": 13}}, {"model": "api.v3_service_taxonomy", "pk": 121, "fields": {"service": 18, "taxonomy": 4}}, {"model": "api.v3_service_taxonomy", "pk": 122, "fields": {"service": 18, "taxonomy": 9}}, {"model": "api.v3_service_taxonomy", "pk": 123, "fields": {"service": 15, "taxonomy": 6}}, {"model": "api.v3_service_taxonomy", "pk": 124, "fields": {"service": 1, "taxonomy": 19}}, {"model": "api.v3_service_taxonomy", "pk": 125, "fields": {"service": 2, "taxonomy": 19}}, {"model": "api.v3_service_taxonomy", "pk": 126, "fields": {"service": 3, "taxonomy": 20}}, {"model": "api.v3_service_taxonomy", "pk": 127, "fields": {"service": 4, "taxonomy": 19}}, {"model": "api.v3_service_taxonomy", "pk": 128, "fields": {"service": 5, "taxonomy": 19}}, {"model": "api.v3_service_taxonomy", "pk": 129, "fields": {"service": 5, "taxonomy": 20}}, {"model": "api.v3_service_taxonomy", "pk": 130, "fields": {"service": 6, "taxonomy": 20}}, {"model": "api.v3_service_taxonomy", "pk": 131, "fields": {"service": 7, "taxonomy": 20}}, {"model": "api.v3_service_taxonomy", "pk": 132, "fields": {"service": 8, "taxonomy": 19}}, {"model": "api.v3_service_taxonomy", "pk": 133, "fields": {"service": 9, "taxonomy": 19}}, {"model": "api.v3_service_taxonomy", "pk": 135, "fields": {"service": 12, "taxonomy": 19}}, {"model": "api.v3_service_taxonomy", "pk": 136, "fields": {"service": 14, "taxonomy": 19}}, {"model": "api.v3_service_taxonomy", "pk": 137, "fields": {"service": 15, "taxonomy": 19}}, {"model": "api.v3_service_taxonomy", "pk": 138, "fields": {"service": 16, "taxonomy": 19}}, {"model": "api.v3_service_taxonomy", "pk": 139, "fields": {"service": 17, "taxonomy": 19}}, {"model": "api.v3_service_taxonomy", "pk": 140, "fields": {"service": 18, "taxonomy": 19}}, {"model": "api.v3_service_taxonomy", "pk": 141, "fields": {"service": 17, "taxonomy": 22}}, {"model": "api.v3_service_taxonomy", "pk": 142, "fields": {"service": 15, "taxonomy": 22}}, {"model": "api.v3_service_taxonomy", "pk": 143, "fields": {"service": 14, "taxonomy": 21}}, {"model": "api.v3_service_taxonomy", "pk": 144, "fields": {"service": 18, "taxonomy": 22}}, {"model": "api.v3_service_taxonomy", "pk": 145, "fields": {"service": 8, "taxonomy": 22}}, {"model": "api.v3_service_taxonomy", "pk": 146, "fields": {"service": 16, "taxonomy": 21}}, {"model": "api.v3_service_taxonomy", "pk": 147, "fields": {"service": 12, "taxonomy": 22}}, {"model": "api.v3_service_taxonomy", "pk": 148, "fields": {"service": 4, "taxonomy": 21}}, {"model": "api.v3_service_taxonomy", "pk": 149, "fields": {"service": 2, "taxonomy": 21}}, {"model": "api.v3_service_taxonomy", "pk": 150, "fields": {"service": 5, "taxonomy": 21}}, {"model": "api.v3_service_taxonomy", "pk": 151, "fields": {"service": 7, "taxonomy": 21}}, {"model": "api.v3_service_taxonomy", "pk": 152, "fields": {"service": 6, "taxonomy": 21}}, {"model": "api.v3_service_taxonomy", "pk": 153, "fields": {"service": 1, "taxonomy": 22}}, {"model": "api.v3_service_taxonomy", "pk": 154, "fields": {"service": 10, "taxonomy": 22}}, {"model": "api.v3_service_taxonomy", "pk": 155, "fields": {"service": 9, "taxonomy": 22}}, {"model": "api.v3_service_taxonomy", "pk": 156, "fields": {"service": 3, "taxonomy": 22}}, {"model": "api.v3_service_taxonomy", "pk": 157, "fields": {"service": 19, "taxonomy": 1}}, {"model": "api.v3_service_taxonomy", "pk": 158, "fields": {"service": 19, "taxonomy": 2}}, {"model": "api.v3_service_taxonomy", "pk": 159, "fields": {"service": 19, "taxonomy": 3}}, {"model": "api.v3_service_taxonomy", "pk": 160, "fields": {"service": 19, "taxonomy": 4}}, {"model": "api.v3_service_taxonomy", "pk": 161, "fields": {"service": 19, "taxonomy": 6}}, {"model": "api.v3_service_taxonomy", "pk": 162, "fields": {"service": 19, "taxonomy": 8}}, {"model": "api.v3_service_taxonomy", "pk": 163, "fields": {"service": 19, "taxonomy": 10}}, {"model": "api.v3_service_taxonomy", "pk": 164, "fields": {"service": 19, "taxonomy": 23}}, {"model": "api.v3_service_taxonomy", "pk": 165, "fields": {"service": 20, "taxonomy": 1}}, {"model": "api.v3_service_taxonomy", "pk": 166, "fields": {"service": 20, "taxonomy": 3}}, {"model": "api.v3_service_taxonomy", "pk": 167, "fields": {"service": 20, "taxonomy": 4}}, {"model": "api.v3_service_taxonomy", "pk": 168, "fields": {"service": 20, "taxonomy": 5}}, {"model": "api.v3_service_taxonomy", "pk": 169, "fields": {"service": 20, "taxonomy": 6}}, {"model": "api.v3_service_taxonomy", "pk": 170, "fields": {"service": 20, "taxonomy": 9}}, {"model": "api.v3_service_taxonomy", "pk": 171, "fields": {"service": 20, "taxonomy": 13}}, {"model": "api.v3_service_taxonomy", "pk": 172, "fields": {"service": 20, "taxonomy": 23}}, {"model": "api.v3_service_taxonomy", "pk": 173, "fields": {"service": 21, "taxonomy": 1}}, {"model": "api.v3_service_taxonomy", "pk": 174, "fields": {"service": 21, "taxonomy": 3}}, {"model": "api.v3_service_taxonomy", "pk": 175, "fields": {"service": 21, "taxonomy": 4}}, {"model": "api.v3_service_taxonomy", "pk": 176, "fields": {"service": 21, "taxonomy": 5}}, {"model": "api.v3_service_taxonomy", "pk": 177, "fields": {"service": 21, "taxonomy": 6}}, {"model": "api.v3_service_taxonomy", "pk": 178, "fields": {"service": 21, "taxonomy": 8}}, {"model": "api.v3_service_taxonomy", "pk": 179, "fields": {"service": 21, "taxonomy": 9}}, {"model": "api.v3_service_taxonomy", "pk": 180, "fields": {"service": 21, "taxonomy": 13}}, {"model": "api.v3_service_taxonomy", "pk": 181, "fields": {"service": 21, "taxonomy": 23}}, {"model": "api.v3_service_taxonomy", "pk": 182, "fields": {"service": 22, "taxonomy": 1}}, {"model": "api.v3_service_taxonomy", "pk": 183, "fields": {"service": 22, "taxonomy": 4}}, {"model": "api.v3_service_taxonomy", "pk": 184, "fields": {"service": 22, "taxonomy": 5}}, {"model": "api.v3_service_taxonomy", "pk": 185, "fields": {"service": 22, "taxonomy": 6}}, {"model": "api.v3_service_taxonomy", "pk": 186, "fields": {"service": 22, "taxonomy": 8}}, {"model": "api.v3_service_taxonomy", "pk": 187, "fields": {"service": 22, "taxonomy": 9}}, {"model": "api.v3_service_taxonomy", "pk": 188, "fields": {"service": 22, "taxonomy": 13}}, {"model": "api.v3_service_taxonomy", "pk": 189, "fields": {"service": 22, "taxonomy": 23}}, {"model": "api.v3_service_taxonomy", "pk": 190, "fields": {"service": 23, "taxonomy": 1}}, {"model": "api.v3_service_taxonomy", "pk": 191, "fields": {"service": 23, "taxonomy": 3}}, {"model": "api.v3_service_taxonomy", "pk": 192, "fields": {"service": 23, "taxonomy": 4}}, {"model": "api.v3_service_taxonomy", "pk": 193, "fields": {"service": 23, "taxonomy": 5}}, {"model": "api.v3_service_taxonomy", "pk": 194, "fields": {"service": 23, "taxonomy": 6}}, {"model": "api.v3_service_taxonomy", "pk": 195, "fields": {"service": 23, "taxonomy": 13}}, {"model": "api.v3_service_taxonomy", "pk": 196, "fields": {"service": 23, "taxonomy": 23}}, {"model": "api.v3_service_taxonomy", "pk": 197, "fields": {"service": 22, "taxonomy": 19}}, {"model": "api.v3_service_taxonomy", "pk": 198, "fields": {"service": 22, "taxonomy": 20}}, {"model": "api.v3_service_taxonomy", "pk": 199, "fields": {"service": 19, "taxonomy": 19}}, {"model": "api.v3_service_taxonomy", "pk": 200, "fields": {"service": 23, "taxonomy": 19}}, {"model": "api.v3_service_taxonomy", "pk": 201, "fields": {"service": 23, "taxonomy": 20}}, {"model": "api.v3_service_taxonomy", "pk": 202, "fields": {"service": 10, "taxonomy": 19}}, {"model": "api.v3_service_taxonomy", "pk": 203, "fields": {"service": 20, "taxonomy": 19}}, {"model": "api.v3_service_taxonomy", "pk": 204, "fields": {"service": 20, "taxonomy": 20}}, {"model": "api.v3_service_taxonomy", "pk": 205, "fields": {"service": 24, "taxonomy": 19}}, {"model": "api.v3_service_taxonomy", "pk": 206, "fields": {"service": 24, "taxonomy": 20}}, {"model": "api.v3_service_taxonomy", "pk": 207, "fields": {"service": 21, "taxonomy": 19}}, {"model": "api.v3_service_taxonomy", "pk": 208, "fields": {"service": 21, "taxonomy": 20}}, {"model": "api.v3_service_contact", "pk": 2, "fields": {"service": 23, "contact": 6}}, {"model": "api.v3_service_location", "pk": 2, "fields": {"service": 19, "location": 2}}, {"model": "api.v3_service_location", "pk": 3, "fields": {"service": 19, "location": 3}}, {"model": "api.v3_service_location", "pk": 4, "fields": {"service": 19, "location": 4}}, {"model": "api.v3_service_location", "pk": 5, "fields": {"service": 19, "location": 5}}, {"model": "api.v3_service_location", "pk": 6, "fields": {"service": 19, "location": 6}}, {"model": "api.v3_service_location", "pk": 7, "fields": {"service": 19, "location": 7}}, {"model": "api.v3_service_location", "pk": 8, "fields": {"service": 19, "location": 8}}, {"model": "api.v3_service_location", "pk": 9, "fields": {"service": 19, "location": 9}}, {"model": "api.v3_service_location", "pk": 10, "fields": {"service": 19, "location": 10}}, {"model": "api.v3_service_location", "pk": 11, "fields": {"service": 19, "location": 11}}, {"model": "api.v3_service_location", "pk": 12, "fields": {"service": 19, "location": 12}}, {"model": "api.v3_service_location", "pk": 13, "fields": {"service": 19, "location": 13}}, {"model": "api.v3_service_location", "pk": 14, "fields": {"service": 19, "location": 14}}, {"model": "api.v3_service_location", "pk": 15, "fields": {"service": 19, "location": 15}}, {"model": "api.v3_service_location", "pk": 16, "fields": {"service": 19, "location": 16}}, {"model": "api.v3_service_location", "pk": 17, "fields": {"service": 19, "location": 17}}, {"model": "api.v3_service_location", "pk": 18, "fields": {"service": 19, "location": 18}}, {"model": "api.v3_service_location", "pk": 19, "fields": {"service": 19, "location": 19}}]